date,date_key,year,month_number,month_start,month_label,is_partial_period,observed_date_count_in_month
2022-03-31,20220331,2022,3,2022-03-01,Mar 2022,True,1
2022-04-01,20220401,2022,4,2022-04-01,Apr 2022,False,30
2022-04-02,20220402,2022,4,2022-04-01,Apr 2022,False,30
2022-04-03,20220403,2022,4,2022-04-01,Apr 2022,False,30
2022-04-04,20220404,2022,4,2022-04-01,Apr 2022,False,30
2022-04-05,20220405,2022,4,2022-04-01,Apr 2022,False,30
2022-04-06,20220406,2022,4,2022-04-01,Apr 2022,False,30
2022-04-07,20220407,2022,4,2022-04-01,Apr 2022,False,30
2022-04-08,20220408,2022,4,2022-04-01,Apr 2022,False,30
2022-04-09,20220409,2022,4,2022-04-01,Apr 2022,False,30
2022-04-10,20220410,2022,4,2022-04-01,Apr 2022,False,30
2022-04-11,20220411,2022,4,2022-04-01,Apr 2022,False,30
2022-04-12,20220412,2022,4,2022-04-01,Apr 2022,False,30
2022-04-13,20220413,2022,4,2022-04-01,Apr 2022,False,30
2022-04-14,20220414,2022,4,2022-04-01,Apr 2022,False,30
2022-04-15,20220415,2022,4,2022-04-01,Apr 2022,False,30
2022-04-16,20220416,2022,4,2022-04-01,Apr 2022,False,30
2022-04-17,20220417,2022,4,2022-04-01,Apr 2022,False,30
2022-04-18,20220418,2022,4,2022-04-01,Apr 2022,False,30
2022-04-19,20220419,2022,4,2022-04-01,Apr 2022,False,30
2022-04-20,20220420,2022,4,2022-04-01,Apr 2022,False,30
2022-04-21,20220421,2022,4,2022-04-01,Apr 2022,False,30
2022-04-22,20220422,2022,4,2022-04-01,Apr 2022,False,30
2022-04-23,20220423,2022,4,2022-04-01,Apr 2022,False,30
2022-04-24,20220424,2022,4,2022-04-01,Apr 2022,False,30
2022-04-25,20220425,2022,4,2022-04-01,Apr 2022,False,30
2022-04-26,20220426,2022,4,2022-04-01,Apr 2022,False,30
2022-04-27,20220427,2022,4,2022-04-01,Apr 2022,False,30
2022-04-28,20220428,2022,4,2022-04-01,Apr 2022,False,30
2022-04-29,20220429,2022,4,2022-04-01,Apr 2022,False,30
2022-04-30,20220430,2022,4,2022-04-01,Apr 2022,False,30
2022-05-01,20220501,2022,5,2022-05-01,May 2022,False,31
2022-05-02,20220502,2022,5,2022-05-01,May 2022,False,31
2022-05-03,20220503,2022,5,2022-05-01,May 2022,False,31
2022-05-04,20220504,2022,5,2022-05-01,May 2022,False,31
2022-05-05,20220505,2022,5,2022-05-01,May 2022,False,31
2022-05-06,20220506,2022,5,2022-05-01,May 2022,False,31
2022-05-07,20220507,2022,5,2022-05-01,May 2022,False,31
2022-05-08,20220508,2022,5,2022-05-01,May 2022,False,31
2022-05-09,20220509,2022,5,2022-05-01,May 2022,False,31
2022-05-10,20220510,2022,5,2022-05-01,May 2022,False,31
2022-05-11,20220511,2022,5,2022-05-01,May 2022,False,31
2022-05-12,20220512,2022,5,2022-05-01,May 2022,False,31
2022-05-13,20220513,2022,5,2022-05-01,May 2022,False,31
2022-05-14,20220514,2022,5,2022-05-01,May 2022,False,31
2022-05-15,20220515,2022,5,2022-05-01,May 2022,False,31
2022-05-16,20220516,2022,5,2022-05-01,May 2022,False,31
2022-05-17,20220517,2022,5,2022-05-01,May 2022,False,31
2022-05-18,20220518,2022,5,2022-05-01,May 2022,False,31
2022-05-19,20220519,2022,5,2022-05-01,May 2022,False,31
2022-05-20,20220520,2022,5,2022-05-01,May 2022,False,31
2022-05-21,20220521,2022,5,2022-05-01,May 2022,False,31
2022-05-22,20220522,2022,5,2022-05-01,May 2022,False,31
2022-05-23,20220523,2022,5,2022-05-01,May 2022,False,31
2022-05-24,20220524,2022,5,2022-05-01,May 2022,False,31
2022-05-25,20220525,2022,5,2022-05-01,May 2022,False,31
2022-05-26,20220526,2022,5,2022-05-01,May 2022,False,31
2022-05-27,20220527,2022,5,2022-05-01,May 2022,False,31
2022-05-28,20220528,2022,5,2022-05-01,May 2022,False,31
2022-05-29,20220529,2022,5,2022-05-01,May 2022,False,31
2022-05-30,20220530,2022,5,2022-05-01,May 2022,False,31
2022-05-31,20220531,2022,5,2022-05-01,May 2022,False,31
2022-06-01,20220601,2022,6,2022-06-01,Jun 2022,True,29
2022-06-02,20220602,2022,6,2022-06-01,Jun 2022,True,29
2022-06-03,20220603,2022,6,2022-06-01,Jun 2022,True,29
2022-06-04,20220604,2022,6,2022-06-01,Jun 2022,True,29
2022-06-05,20220605,2022,6,2022-06-01,Jun 2022,True,29
2022-06-06,20220606,2022,6,2022-06-01,Jun 2022,True,29
2022-06-07,20220607,2022,6,2022-06-01,Jun 2022,True,29
2022-06-08,20220608,2022,6,2022-06-01,Jun 2022,True,29
2022-06-09,20220609,2022,6,2022-06-01,Jun 2022,True,29
2022-06-10,20220610,2022,6,2022-06-01,Jun 2022,True,29
2022-06-11,20220611,2022,6,2022-06-01,Jun 2022,True,29
2022-06-12,20220612,2022,6,2022-06-01,Jun 2022,True,29
2022-06-13,20220613,2022,6,2022-06-01,Jun 2022,True,29
2022-06-14,20220614,2022,6,2022-06-01,Jun 2022,True,29
2022-06-15,20220615,2022,6,2022-06-01,Jun 2022,True,29
2022-06-16,20220616,2022,6,2022-06-01,Jun 2022,True,29
2022-06-17,20220617,2022,6,2022-06-01,Jun 2022,True,29
2022-06-18,20220618,2022,6,2022-06-01,Jun 2022,True,29
2022-06-19,20220619,2022,6,2022-06-01,Jun 2022,True,29
2022-06-20,20220620,2022,6,2022-06-01,Jun 2022,True,29
2022-06-21,20220621,2022,6,2022-06-01,Jun 2022,True,29
2022-06-22,20220622,2022,6,2022-06-01,Jun 2022,True,29
2022-06-23,20220623,2022,6,2022-06-01,Jun 2022,True,29
2022-06-24,20220624,2022,6,2022-06-01,Jun 2022,True,29
2022-06-25,20220625,2022,6,2022-06-01,Jun 2022,True,29
2022-06-26,20220626,2022,6,2022-06-01,Jun 2022,True,29
2022-06-27,20220627,2022,6,2022-06-01,Jun 2022,True,29
2022-06-28,20220628,2022,6,2022-06-01,Jun 2022,True,29
2022-06-29,20220629,2022,6,2022-06-01,Jun 2022,True,29
